subject, book, for, sal, an, arb, mi, from, email, david, hwang, reply, to, email, org, d, j, serv, lin, book, for, sal, tal, book, send, mess, ship, wil, u, mail, parcel, post, book, rat, pay, adv, cod, acceiv, al, book, good, excel, condit, paperback, quant, discount, thi, list, upd, contin, the, latest, list, request, mail, thi, list, superc, prevy, list, not, respons, typo, new, to, list, claim, paid, david, hwang, an, arb, michig, email, list, febru, comput, us, wordperfect, que, stewart, cur, us, clip, que, tiley, cur, trs, assembl, langu, program, bard, pract, program, gam, bas, tracton, first, book, wordperfect, barn, corvet, y, car, part, illust, catalog, gm, man, secret, corvet, detail, antonick, eckl, complet, guid, corvet, fiberglass, repair, corvet, own, workshop, man, hayn, chevrolet, pow, catalog, gm, man, edit, corvet, driv, own, guid, for, model, antonick, chevrolet, smal, block, v, spee, equip, buy, guid, lam, cur, chilton, easy, car, car, edit, cur, medicin, ophthalmolog, study, guid, for, med, stud, washington, man, med, therapeut, ed, cur, respir, physiolog, the, ess, west, ed, langm, med, embryolog, ed, sadl, hardcov, cur, sold, ess, hum, anatom, ed, woodburn, hardcov, cur, sold, cardiolog, ref, book, ed, klon, handbook, antimicrob, therapy, mandel, guid, antimicrob, therapy, sanford, fre, cur, med, book, comprehend, review, bas, sci, cur, sold, how, get, into, med, dent, school, ed, sex, interact, allgey, ed, hardcov, cur, on, cal, principl, protocol, ruedy, phys, desk, ref, pdr, ed, hardcov, cur, introduc, gen, patholog, spect, ed, med, school, admit, strategy, for, success, weschl, get, into, med, school, brown, ten, point, plan, for, colleg, acceiv, graham, oth, colleg, account, ed, carson, hardcov, david, w, hwang, m, d, univers, michig, med, school, wal, street, suit, c, telephon, an, arb, michig, internet, email