from, email, sal, comput, misc, book, rpg, stuff, artic, i, d, kuhub, apr, org, univers, kans, academ, comput, serv, lin, in, artic, email, email, writ, the, sal, duh, gold, im, dpi, b, w, hand, scan, dpaint, ii, cur, amig, vis, mulitmed, auth, softw, cur, baud, bandit, termin, commun, softw, cur, the, bard, tal, ii, thief, fat, graph, rpg, cur, f, reta, flight, sim, cur, fut, war, fantasy, scif, graph, rpg, cur, rvf, hond, motocyc, sim, cur, patlab, ingram, phantom, lab, model, japanes, anim, model, cur, robotech, rpg, book, engl, the, ingrid, invas, cur, southern, cross, cur, battletech, book, engl, the, fox, tee, exploit, mckinnon, raid, cur, gray, dea, leg, cur, merc, handbook, cur, citytech, cur, aerotech, cur, mechwarry, cur, ad, d, book, monst, man, cur, monst, man, ii, cur, fiend, folio, cur, lot, book, japanes, engl, subject, japanes, cult, as, art, hist, japanes, langu, socio, lingu, ethnograph, lingu, phys, calcula, men, fol, unix, amig, program, econom, micro, macro, intl, trad, fin, am, econom, develop, philosoph, langu, eth, cognit, sci, if, interest, i, i, email, jam, mil, chiccha, sig, ho, ga, ichib, iin, jana, ka, enlight, hap, email, mil, chiccha, sig, ho, ga, ichib, iin, jana, ka, enlight, hap