from, email, robert, chong, subject, book, for, sal, cheap, nntp, post, host, top, magn, ac, ohio, stat, org, the, ohio, stat, univers, lin, hi, her, book, sal, pric, negoty, ship, fee, includ, sign, system, alexand, p, poularik, samuel, see, pws, kent, publ, old, pric, cur, new, pric, cur, prob, introduc, samuel, goldberg, dov, publ, old, pric, cur, new, pric, cur, digit, im, process, comput, vis, r, schalkoff, wiley, publ, old, pric, cur, new, pric, cur, digit, im, process, r, gonzalz, p, wintz, addison, wesley, publ, old, pric, cur, new, pric, cur, sold, x, window, system, us, guid, x, r, o, reil, assocy, the, best, book, m, do, al, simpson, sam, old, pric, cur, new, pric, cur, el, modern, algebr, hu, hold, day, publ, old, pric, cur, new, pric, cur, symmetry, asymmetry, world, partic, t, d, lee, washington, publ, old, pric, cur, new, pric, cur, el, partic, law, phys, dirac, mem, lect, cambridg, publ, old, pric, cur, new, pric, cur, a, brief, hist, tim, steph, w, hawk, bantam, book, paperback, old, pric, cur, new, pric, cur, robert, chong, depart, mech, engin, the, ohio, stat, univers, email, email