from, email, jeff, mason, subject, auct, marvel, dc, valy, im, dark, hors, org, un, florid, psycholog, dept, lin, nntp, post, host, elm, circ, ufl, i, auct, com, thes, minim, bid, set, i, sel, mak, off, i, wil, acceiv, highest, bid, auct, complet, titl, minim, cur, alph, flight, jim, lee, work, marvel, aly, st, ap, aly, com, st, prnt, may, cur, amaz, spid, man, intro, green, goblin, cur, amaz, spid, man, st, appear, hobgoblin, cur, arch, armstrong, frank, mil, smi, layton, aveng, st, appear, x, fact, bloodshot, chromium, cov, bwsmith, cov, post, daredevil, frank, mil, art, cur, dark, hors, pres, st, ap, concret, st, print, h, a, r, d, corp, incred, hulk, st, ap, grey, hulk, incred, hulk, st, mcfarlane, issu, cur, incred, hulk, grey, hulk, sery, cur, incred, hulk, st, dal, keown, art, hulk, cur, incred, hulk, st, hulk, st, prnt, keown, cur, marvel, com, pres, wolverin, silv, surf, maxx, limit, ashc, cop, ex, blu, cov, cur, new, mut, mcfarlane, cov, st, ap, cabl, cameo, cur, new, mut, st, ap, x, forc, new, mut, an, st, liefeld, art, new, mut, cur, omeg, men, st, appear, lobo, omeg, men, st, ful, lobo, story, pow, man, iron, fist, appear, sabretoo, cur, appear, sabretoo, cur, simpson, com, story, polybag, spec, spectacul, spid, man, st, ap, new, hobgoblin, cur, star, trek, next, gen, feb, dc, min, star, trek, next, gen, oct, dc, com, web, spid, man, hobgoblin, wolverin, appear, cur, web, spid, man, origin, ros, hobgoblin, appear, wolverin, bef, claw, st, battl, sabretoo, cur, wolverin, sabretoo, claim, wolverin, dad, wolverin, sabretoo, prov, dad, wolverin, sabretoo, wolverin, sag, conclud, wolverin, min, sery, mil, art, cur, wond, wom, return, anim, man, cur, x, forc, sign, liefeld, bag, x, forc, card, cur, x, forc, sign, liefeld, bag, shatterst, card, cur, x, forc, sign, liefeld, bag, deadpool, card, cur, x, forc, sign, liefeld, bag, sunspot, gideon, cur, al, com, mint, mint, condit, bag, shiny, polypropyl, bag, back, whit, acid, fre, board, ship, cur, book, cur, book, fre, ord, larg, amount, stuff, i, haggl, i, thousand, thousand, com, i, help, som, titl, i, post, list, issu, i, titl, i, sav, spac, geoffrey, r, email, email, email