from, email, reincarn, elv, subject, for, sal, jazz, record, keyword, mus, jazz, for, sal, help, starv, stud, lin, for, sal, jazz, compact, disc, i, cd, sal, mint, condit, fair, hard, find, they, savoy, label, dennon, dennon, bought, right, savoy, releas, disk, i, sel, pack, deal, i, wil, consid, individ, ord, thes, titl, art, telefunk, blu, milt, jackson, kenny, clark, percy, hea, frank, morg, frank, wess, walt, benton, jazz, concert, west, coast, the, bopland, boy, op, de, jazz, vol, john, rae, stev, kuhn, bobby, jasp, jak, hannah, john, nev, pattern, jazz, cecil, payn, kenny, dorham, duk, jord, tommy, pot, art, tayl, penth, serenad, errol, garn, footloos, paul, bley, the, imort, lest, young, lest, young, count, basy, gre, britain, mar, mcpartland, georg, shear, howard, mcghee, milt, jackson, self, titl, i, just, lov, jazz, piano, hampton, haw, john, meheg, herby, nichol, paul, smi, art, pep, sonny, reid, self, titl, op, de, blu, frank, wess, thad, jon, curt, ful, char, fowlk, hank, jon, eddy, jon, gu, johnson, jazz, bust, al, ov, too, nam, list, op, swing, frank, wess, kenny, burrel, freddy, green, eddy, jon, kenny, clark, jackson, vil, milt, jackson, lucky, thompson, hank, jon, wendel, marshal, kenny, clark, i, wil, reason, off, pack, disc, wel, off, individ, disc, pleas, e, mail, respons, cal, thanx, derek, derek, j, p, seriann, e, mail, email, o, sociolog, it, mil, chicago, ful, tank, lakehead, univers, gas, half, pack, cigaret, dark, u, thund, bay, ontario, wear, sunglass, elwood, blu