subject, help, how, refund, vis, im, from, email, dougla, kou, org, hiram, colleg, nntp, post, host, hiram, hiram, lin, i, particip, promot, company, cal, vis, im, they, award, cert, three, mon, ago, ask, buy, promot, pack, ord, receiv, maj, award, they, misl, address, i, receiv, pack, mon, ago, i, mad, angry, long, pack, so, i, wrot, let, request, refund, they, return, let, i, lucky, find, telephon, numb, op, receiv, pack, i, return, pack, wrot, let, refund, the, pack, return, address, pack, incorrect, i, attempt, cal, learnd, chang, telephon, numb, it, phon, cal, find, numb, refus, respons, i, spok, man, cal, cal, but, i, address, front, desk, should, i, ahead, send, pack, or, i, wait, cal, i, peopl, net, expery, company, i, money, if, expery, adv, thank, adv, dougla, kou, hiram, colleg