from, email, binac, blast, deep, driv, derby, bbddd, return, org, soc, sci, comput, lab, distribut, nntp, post, host, vaxr, sscl, uwo, lin, in, artic, email, email, jonath, king, writ, a, wel, publ, infam, darrin, jackson, derek, bel, trad, fact, san, diego, includ, cur, deal, ev, publ, cur, padr, nam, sourc, money, blu, jay, in, toronto, money, divert, london, bank, account, own, shadowy, charact, nam, vint, gray, i, lucky, account, numb, reject, the, od, thing, gray, brit, fin, canad, soc, sci, work, univers, western, ontario, gray, auth, assocy, john, palm, man, prevy, year, discov, tru, tat, nam, bing, bang, ben, macdonald, to, acc, big, bang, ben, macdonald, soon, gray, palm, word, ottaw, canad, achiev, absolv, supery, unit, stat, field, basebal, control, ack, cook, pitch, alik, contest, binac, blast, research, institut, the, prim, min, smil, i, hop, to, i, inadvert, pleas, mulroney, ruin, day, p, matthew, wal, marvel, expo, okay, i, day, job, but, effort, help, day, job, i, man, foist, job, run, binac, blast, deep, driv, derby, vint, gray, fut, deep, driv, tidbit, email, email, ident, mess, subject, bbddd, vint, post, cue, chim, plan, direct, research, institut, kind, body, arm, ont, wear, spring, meanwhil, i, pick, truckload, den, bouch, card, i, bought, fil, are, tool, jking, real, tat, work, john, palm, i, conclud, pool, resourc, i, arch, jonath, i, i, wil, send, off, introduc, deep, driv, derby, howev, i, wond, renam, project, princip, investig, arch, chang, send, suggest, renam, study, address, and, op, day, soon, bal, wil, fly, mind, gut, bal, park, helpless, bystand, wil, ind, bal, reent, atmosph, thought, meteorit, show, rock, who, wil, star, year, can, hop, comb, brad, arnsberg, record, start, year, the, season, young, bal, new, rub, mud, hot, dog, start, boil, rest, year, play, bal, cov, and, slid, hang, vint