from, email, david, h, thornley, subject, re, minnesot, pitch, nntp, post, host, mill, c, umn, org, univers, minnesot, minneapol, csci, dept, lin, in, artic, email, email, scot, r, nelson, writ, the, rot, chang, strange, injury, scot, erickson, he, develop, twing, stomach, are, rot, new, rot, best, mind, knowledg, kevin, tapan, jim, desha, pat, mahom, wil, bank, ad, mik, trombley, peopl, mark, guthry, wil, remain, bullp, long, lefty, a, s, b, short, wil, play, scot, lei, play, short, car, twin, at, third, mik, pagliarulo, jeff, reboulet, wil, platoon, pag, terry, jorgenson, wil, platoon, third, reboulet, backup, infield, pag, look, pretty, mis, yesterday, guy, lead, leagu, da, muff, routin, ground, heck, muff, ground, i, jorgenson, exceiv, i, not, lei, miss, bal, i, gagn, reach, wil, gag, glov, season, winfield, struggled, preseason, sunday, colorado, rocky, rbi, scor, he, look, pretty, good, cont, mediot, look, reason, he, mid, hrbek, pretty, big, guy, not, i, twin, b, kind, big, field, big, if, hit, vagu, year, perfect, good, basem, not, much, post, person, observ, yesterday, gam, regul, pul, in, winfield, big, hol, defend, gam, pick, bad, throw, exampl, i, i, david, thornley, hav, ticket, wil, travel, dom