from, email, ted, frank, subject, re, best, second, basem, reply, to, email, univers, chicago, distribut, us, lin, in, artic, email, email, mark, hor, writ, sandberg, partic, stol, bas, what, competit, alom, sandberg, year, ripk, year, bog, gwyn, mag, so, at, sandberg, alom, class, wor, mediocr, besid, numb, count, nat, leagu, pitch, bet, pitch, you, thoma, gonzalez, sheffield, griffey, comp, ripk, bog, gwyn, wond, alom, at, sandberg, at, rooky, year, rooky, year, terr, so, sophom, year, nat, leagu, pitch, bet, pitch, that, explain, sheffield, hm, ar, confus, er, low, fac, dh, bet, ted, frank, howev, teel, ment, email, adv, leg, sound, follow, law, school, wil, wind, jail, standard, disclaim, jam, donald, misc, leg