from, url, robert, holt, subject, re, al, tim, best, play, org, at, t, bel, lab, murray, hil, nj, lin, in, artic, email, email, john, steph, randolph, writ, in, artic, email, email, writ, i, work, project, determin, greatest, play, respect, post, my, sourc, tot, basebal, jam, hist, abstract, the, ballplay, biograph, word, mou, bias, opin, feel, fre, com, flam, i, object, stat, dat, inlcud, tim, convy, sak, i, judg, rel, ba, ads, op, tot, av, field, rang, run, tot, play, rat, tot, basebal, stol, bas, curios, sak, tpr, year, play, mvp, b, mik, schmidt, ed, matthew, on, eddy, mathew, georg, bret, wad, bog, ron, santo, brook, robinson, frank, bak, darrel, ev, pie, trayn, ray, dandridg, how, brook, i, ahead, ron, santo, becaus, smal, adv, field, abl, mak, larg, diff, hit, their, av, season, combin, av, ab, bb, gam, year, ab, h, r, b, b, hr, rbi, tb, bb, avg, obp, slg, op, santo, robinson, field, gam, third, year, p, a, dp, e, pct, santo, robinson, ev, robinson, extr, putout, assist, dp, respons, out, field, extr, out, plat, ment, few, tot, bas, the, diff, op, decreas, account, wrigley, diff, consid, the, thorn, palm, rat, adjust, adjust, stol, field, tot, produc, bat, run, bas, run, run, rat, santo, robinson, us, disclaim, t, p, fr, apply, mark, comparison, at, bet, field, perc, carney, lansford, best, tim, fr, dead, tim, also, tot, rat, comp, play, leagu, av, replac, level, robinson, award, extr, play, gam, he, gre, car, i, pref, santo, year, replac, level, bman, but, i, knock, trayn, list, replac, stan, hack, that, story, hack, bet, hit, outweigh, trayn, supery, field, graig, nettl, buddy, bel, bet, cho, imho, cours, net, discuss, support, point, view, cf, andr, dawson, should, field, bob, holt, url