from, email, al, tim, peak, play, org, bal, stat, univers, munt, in, un, comput, svc, lin, last, week, i, post, al, tim, greatest, play, haphazard, misspel, nam, sorry, thi, week, tim, greatest, peak, play, i, evalu, play, consectut, season, constitut, prim, peak, year, i, settl, sourc, us, includ, tot, basebal, bias, opin, her, feel, fre, com, ted, william, includ, season, war, miss, act, peak, year, bab, ruth, walt, johnson, mickey, mantl, mik, schmidt, act, peak, year, short, strike, barrry, bond, cur, peak, hon, wagn, ty, cob, tri, speak, wil, may, lefty, grov, sandy, koufax, joe, morg, ed, walsh, christy, mathewson, lou, gehrig, jimmy, foxx, cal, ripk, jr, pet, alexand, cy, young, tim, rain, rickey, henderson, strike, year, includ, carl, yastrzemsk, jacky, robinson, joe, dimaggio, rog, hornsby, georg, sisl, eddy, collin, hank, aaron, stan, mus, joe, jackson, wad, bog, char, gehr, erny, bank, bob, gibson, carl, hubbel, robin, yount, rod, carew, chuck, klein, wil, mccovey, frank, robinson, tom, seav, rog, clem, argu, peak, mel, ot, frank, bak, nap, lajoy, peak, suspect, leagu, dizzy, trout, georg, bret, mordeca, brown, ryn, sandberg, b, peak, gehrig, foxx, sisl, mccovey, greenberg, frank, thoma, project, dick, al, johnny, miz, eddy, murray, mr, consist, peak, bil, terry, b, morg, j, robinson, collin, hornsby, gehr, carew, tre, b, play, b, sandberg, bobby, grich, nap, lajoy, bil, herm, mazerosk, tough, cal, b, schmidt, bog, f, bak, bret, ed, mathew, ron, santo, harland, clift, ken, boy, buddy, bel, darrel, ev, s, wagn, ripk, bank, yount, john, lloyd, estim, arky, vaugh, barry, larkin, peak, lou, boudreau, ozzy, smi, joe, sewel, lf, william, ba, bond, rain, henderson, peak, yastrzemsk, mus, j, jackson, ralph, kin, al, simmon, georg, fost, wil, stargel, cf, mantl, cob, speak, may, dimaggio, osc, charleston, estim, duk, snid, ken, griffey, jr, person, assum, kirby, pucket, richy, ashburn, dal, murph, strike, season, rf, ruth, aaron, klein, f, robinson, ot, roberto, cle, tony, gwyn, dav, park, reggy, jackson, harry, heilman, jos, canseco, darryl, strawberry, c, josh, gibson, estim, mickey, cochr, gary, cart, johnny, bench, roy, campanell, yog, berr, bil, dickey, gabby, hartnet, elston, howard, ted, simmon, joe, tor, p, w, johnson, grov, koufax, walsh, mathewson, alexand, young, gibson, hubbel, seav, clem, satchel, paig, estim, d, trout, juan, marich, mordeca, brown, joe, wood, dav, steib, jim, palm, bob, lemon, fergy, jenkin, rp, who, car, i, hop, surpr, rain, muis, cart, bench, ripk, bank, bond, may, check, numb, play, comparison, numb, rest, play, year, i, fair, clos, rank, system, bas, tot, play, rat, consecut, year, enjoy, mik