from, email, joseph, hernandez, subject, mlb, stand, scor, fri, apr, org, jtc, enterpr, sport, divid, maj, leagu, basebal, dept, lin, distribut, nntp, post, host, monsoon, berkeley, keyword, mlb, mlb, stand, scor, friday, april, includ, yesterday, gam, nat, west, won, lost, pct, gb, last, streak, hom, road, san, francisco, giant, won, houston, astro, lost, atlant, brav, lost, colorado, rocky, won, los, angel, dodg, lost, san, diego, padr, lost, cincinnat, red, lost, nat, east, philadelph, phil, won, pittsburgh, pir, won, st, lou, cardin, won, new, york, met, lost, chicago, cub, won, mont, expo, won, florid, marlin, won, am, west, won, lost, pct, gb, last, streak, hom, road, texa, rang, lost, californ, angel, won, chicago, whit, sox, won, minnesot, twin, lost, oakland, athlet, lost, seattl, marin, lost, kans, city, roy, won, am, east, boston, red, sox, won, toronto, blu, jay, won, new, york, yank, lost, detroit, tig, won, cleveland, ind, lost, milwauk, brew, lost, baltim, oriol, won, yesterday, s, scor, idl, team, list, alphabet, ord, nat, leagu, am, leagu, houston, astro, seattl, marin, mont, expo, toronto, blu, jay, new, york, met, oakland, athlet, colorado, rocky, detroit, tig, pittsburgh, pir, kans, city, roy, san, diego, padr, new, york, yank, st, lou, cardin, cleveland, ind, los, angel, dodg, boston, red, sox, atlant, brav, californ, angel, ppd, san, francisco, giant, milwauk, brew, rain, chicago, cub, idl, baltim, oriol, idl, cincinnat, red, idl, chicago, whit, sox, idl, florid, marlin, idl, minnesot, twin, idl, philadelph, philliesidl, texa, rang, idl, joseph, hernandez, ram, lak, email, king, dodg, raid, email, angel, clip