from, email, dal, stephenson, subject, re, defend, av, third, bas, org, univers, illino, dept, comp, sci, urban, il, lin, in, url, url, craig, stelt, writ, dal, stephenson, email, wrot, in, email, email, dal, stephenson, writ, compil, defend, av, report, car, da, individ, play, report, stat, courtesy, sherr, nichol, play, list, descend, ord, and, com, play, delet, third, basem, lei, scot, look, good, too, bad, mov, short, pagliarulo, mik, thi, interest, his, fig, av, his, pathet, best, year, part, mobl, yank, padr, appear, rot, infield, twin, judg, lei, gaett, metrodom, good, plac, play, third, gaett, gary, apolog, i, i, talk, twin, fan, i, good, play, park, not, i, rememb, complet, i, gaett, play, twin, sery, not, lowest, i, play, angel, act, gaett, year, californ, his, da, car, av, av, but, check, three, year, metrodom, gaett, al, avg, pag, lei, al, avg, lei, al, avg, for, three, year, highest, da, leagu, post, minnesot, play, three, includ, pag, mediocr, horr, that, prov, park, work, san, diego, horr, infield, numb, prov, park, work, but, strong, poss, lot, fact, play, excel, i, hat, dom, it, id, nic, comfort, enjoy, basebal, footbal, snow, rain, and, nic, play, thrid, bas, dal, j, stephenson, email, basebal, fan, it, consid, good, wis, overburd, j, gold, kimbal