from, jtchern, ocf, berkeley, joseph, hernandez, subject, mlb, stand, scor, tue, apr, org, jtc, enterpr, sport, divid, maj, leagu, basebal, dept, lin, distribut, nntp, post, host, monsoon, eth, berkeley, keyword, mlb, not, saturday, april, scor, com, friday, mlb, stand, scor, tuesday, april, includ, yesterday, gam, nat, west, won, lost, pct, gb, last, streak, hom, road, san, francisco, giant, won, houston, astro, won, atlant, brav, lost, los, angel, dodg, won, san, diego, padr, won, colorado, rocky, lost, cincinnat, red, won, nat, east, philadelph, phil, won, pittsburgh, pir, lost, st, lou, cardin, lost, new, york, met, lost, chicago, cub, lost, mont, expo, won, florid, marlin, lost, am, west, won, lost, pct, gb, last, streak, hom, road, texa, rang, won, californ, angel, lost, minnesot, twin, lost, chicago, whit, sox, lost, seattl, marin, won, oakland, athlet, lost, kans, city, roy, won, am, east, boston, red, sox, won, detroit, tig, lost, toronto, blu, jay, won, new, york, yank, lost, milwauk, brew, won, cleveland, ind, lost, baltim, oriol, won, yesterday, s, scor, idl, team, list, alphabet, ord, nat, leagu, am, leagu, houston, astro, ppd, chicago, whit, sox, chicago, cub, rain, boston, red, sox, atlant, brav, idl, toronto, blu, jay, cincinnat, red, idl, cleveland, ind, colorado, rocky, idl, seattl, marin, florid, marlin, idl, detroit, tig, los, angel, dodg, idl, baltim, oriol, idl, mont, expo, idl, californ, angel, idl, new, york, met, idl, kans, city, roy, idl, philadelph, philliesidl, milwauk, brew, idl, pittsburgh, pir, idl, minnesot, twin, idl, st, lou, cardin, idl, new, york, yank, idl, san, francisco, giant, idl, oakland, athlet, idl, san, diego, padr, idl, texa, rang, idl, joseph, hernandez, ram, lak, jtchern, ocf, berkeley, edu, king, dodg, raid, jtcent, sod, berkeley, edu, angel, clip