from, drw, delmarv, evsc, virgin, edu, david, robert, walk, subject, re, defend, run, da, com, keyword, dr, org, univers, virgin, lin, in, artic, qvdrninnd, gap, caltech, shippert, cco, caltech, tim, shippert, writ, the, reason, i, both, dr, stuff, i, determin, answ, ag, quest, is, jeff, blaus, valu, rafael, belliard, wel, doug, trump, tim, beat, net, defend, analys, tim, ahead, the, i, being, cours, i, equ, av, work, run, play, wor, i, calc, rat, perform, field, equ, av, tot, perform, field, equ, run, but, i, comp, av, play, replac, play, posit, adjust, built, system, in, al, av, s, run, replac, rar, cf, b, b, lf, rf, b, we, quibbl, exact, numb, ord, in, equ, av, i, set, leagu, av, i, decid, hit, replac, level, bat, eq, replac, level, hit, bil, ripk, i, decid, replac, level, field, dist, opposit, direct, i, set, eq, ye, i, ad, run, proport, eq, squ, diff, squ, squ, eq, diff, squ, i, round, simpl, an, replac, field, team, randy, millig, wil, randolph, second, leo, gomez, third, walt, wei, short, kevin, bass, left, hojo, cent, er, anthony, ugh, so, tot, numb, rar, play, sum, bat, field, rar, i, rat, tot, rar, rar, numb, bat, out, an, av, play, tot, rar, bat, field, tot, rar, bat, field, bond, ventur, sandberg, thoma, van, slyk, anderson, grac, rain, lankford, pucket, pendleton, alom, finley, martinez, e, bagwel, mack, butl, mcgwire, sheffield, griffey, larkin, devereaux, grissom, henderson, walk, listach, just, lofton, w, clark, baerg, kruk, d, whit, o, smi, palmeiro, gwyn, sierr, hollin, cart, j, bel, gonzalez, not, entry, bat, rat, nl, top, bond, lf, sandberg, van, slyk, cf, grac, larkin, s, just, rf, sheffield, b, on, posit, meas, mcgriff, despit, bat, rar, leagu, fin, top, field, last, posit, galarrag, stillwel, hans, belliard, blaus, gad, leagu, may, dascenzo, anthony, in, al, malign, rickey, henderson, wor, second, frank, thoma, ventur, edg, edg, third, grebeck, rat, pot, griffey, edg, pucket, top, cf, listach, nudg, lofton, rooky, and, alom, clear, outpoint, baerg, last, posit, segu, sojo, palm, lew, polon, cuyl, v, hay, al, clay, d