from, steph, pegas, c, uiuc, dal, stephenson, subject, hit, stol, left, field, keyword, defens, left, org, univers, illino, dept, comp, sci, urban, il, lin, disclaim, thi, fun, in, comput, basebal, gam, i, track, categ, cal, stol, hit, defin, play, av, field, av, effort, us, defend, av, post, sherr, nichol, thank, sherr, i, fig, defend, stat, leftfield, hit, stol, redefin, play, kevin, bass, ok, i, real, unfair, kevin, victim, pitch, staff, fluk, shot, monst, park, fact, but, if, replac, leftfield, leagu, kevin, mak, abl, extr, hit, to, correl, real, i, calc, net, hit, stol, bas, numb, out, comp, leagu, av, field, by, method, i, calc, net, extr, bas, doubl, tripl, fin, i, throw, formul, i, cal, defend, contribut, dcon, bas, repres, defend, contribut, play, i, ad, numb, op, dop, defens, onbas, plu, slug, repres, play, tot, contribut, team, so, sery, the, formul, dcon, appear, artic, the, short, vert, definit, term, h, hit, stol, extr, out, comp, kurt, stillwel, nh, net, hit, stol, extr, out, comp, av, field, ndp, net, doubl, play, extr, doubl, play, turn, comp, avg, field, neb, net, extr, bas, extr, bas, prev, comp, avg, field, dcon, defend, contribut, bas, hit, prev, rat, dop, dcon, op, quick, dirty, meas, play, tot, contribut, nat, leagu, nam, h, nh, neb, dcon, dop, gonzalez, l, gilkey, b, clark, g, alou, m, bond, b, may, d, gant, r, bass, k, ord, dop, bond, gilkey, gonzalez, alou, clark, nl, av, gant, may, bass, am, leagu, nam, h, nh, neb, dcon, dop, rain, t, anderson, b, henderson, r, vaughn, g, glad, d, hal, m, mack, s, polon, l, mcreynolds, k, maldanado, c, reim, k, ord, dop, henderson, anderson, rain, mack, vaughn, hal, al, av, maldanado, mcreynolds, glad, reim, polon, mor, discuss, dcon, formul, nh, ndp, pa, nh, ndp, neb, ab, why, bizz, formul, bas, design, op, ide, prev, scor, the, extr, out, fact, obp, extr, bas, remov, fact, slg, that, i, pa, ab, div, for, discuss, post, hit, stol, first, bas, dal, j, stephenson, steph, c, uiuc, basebal, fan, it, consid, good, wis, overburd, j, gold, kimbal