from, steph, pegas, c, uiuc, dal, stephenson, subject, hit, stol, centerfield, sum, dcon, dop, leftfield, keyword, defens, cent, org, univers, illino, dept, comp, sci, urban, il, lin, disclaim, thi, fun, in, comput, basebal, gam, i, track, categ, cal, stol, hit, defin, play, av, field, av, effort, us, defend, av, post, sherr, nichol, thank, sherr, i, fig, defend, stat, centerfield, hit, stol, redefin, play, juan, gonzalez, ok, i, real, unfair, juan, victim, pitch, staff, fluk, shot, monst, park, fact, but, if, replac, centerfield, leagu, kevin, mak, abl, extr, hit, to, correl, real, i, calc, net, hit, stol, bas, numb, out, comp, leagu, av, field, by, method, i, calc, net, extr, bas, doubl, tripl, fin, i, throw, formul, i, cal, defend, contribut, dcon, bas, repres, defend, contribut, play, i, ad, numb, op, dop, defens, onbas, plu, slug, repres, play, tot, contribut, team, so, sery, the, formul, dcon, appear, artic, the, short, vert, definit, term, h, hit, stol, extr, out, comp, kurt, stillwel, nh, net, hit, stol, extr, out, comp, av, field, ndp, net, doubl, play, extr, doubl, play, turn, comp, avg, field, neb, net, extr, bas, extr, bas, prev, comp, avg, field, dcon, defend, contribut, bas, hit, prev, rat, dop, dcon, op, quick, dirty, meas, play, tot, contribut, nat, leagu, nam, h, nh, neb, dcon, dop, nixon, o, grissom, m, jackson, d, lew, d, dykstr, l, dascenzo, d, finley, s, lankford, r, martinez, d, vanslyk, a, sand, r, butl, b, johnson, h, ord, dop, vanslyk, lankford, grissom, dykstr, nixon, finley, sand, jackson, nl, av, butl, martinez, dascenzo, lew, johnson, am, leagu, nam, h, nh, neb, dcon, dop, lofton, k, wilson, w, whit, d, felix, j, devereaux, m, mcrae, h, yount, r, kel, r, johnson, l, griffey, k, pucket, k, cuyl, m, gonzalez, j, ord, dop, lofton, griffey, devereaux, whit, pucket, wilson, gonzalez, yount, felix, al, av, kel, johnson, mcrae, cuyl, mor, discuss, dcon, formul, nh, ndp, pa, nh, ndp, neb, ab, why, bizz, formul, bas, design, op, ide, prev, scor, the, extr, out, fact, obp, extr, bas, remov, fact, slg, that, i, pa, ab, div, for, discuss, post, hit, stol, first, bas, dal, j, stephenson, steph, c, uiuc, basebal, fan, it, consid, good, wis, overburd, j, gold, kimbal