subject, re, hit, stol, centerfield, from, grabin, math, harvard, david, grabin, org, org, nntp, post, host, germain, harvard, in, reply, steph, pegas, c, uiuc, mess, tue, apr, gmt, lin, in, artic, steph, pegas, c, uiuc, dal, stephenson, writ, nh, net, hit, stol, extr, out, comp, av, field, neb, net, extr, bas, extr, bas, prev, comp, avg, field, nat, leagu, nam, h, nh, neb, dcon, dop, lankford, r, martinez, d, butl, b, am, leagu, nam, h, nh, neb, dcon, dop, wilson, w, felix, j, i, suspect, split, result, posit, an, outfield, fast, good, jump, expect, catch, lot, bal, prev, singl, doubl, cut, uncatch, bal, tur, doubl, singl, howev, field, play, shallow, wil, catch, short, fly, few, long, fly, wil, allow, few, singl, doubl, ha, play, posit, do, butl, felix, play, deep, lankford, martinez, wilson, shallow, park, i, thought, butl, play, shallow, david, grabin, grabin, zarisk, harvard, we, numb, dial, imagin, pleas, rot, phon, degr, disclaim, i, speak, speak