from, jtchern, ocf, berkeley, joseph, hernandez, subject, mlb, stand, scor, fri, apr, org, jtc, enterpr, sport, divid, maj, leagu, basebal, dept, lin, distribut, nntp, post, host, monsoon, eth, berkeley, keyword, mlb, mlb, stand, scor, friday, april, includ, yesterday, gam, nat, west, won, lost, pct, gb, last, streak, hom, road, san, francisco, giant, won, houston, astro, won, atlant, brav, lost, san, diego, padr, won, los, angel, dodg, lost, colorado, rocky, lost, cincinnat, red, lost, nat, east, philadelph, phil, lost, mont, expo, won, st, lou, cardin, won, pittsburgh, pir, won, chicago, cub, lost, new, york, met, lost, florid, marlin, won, am, west, won, lost, pct, gb, last, streak, hom, road, californ, angel, won, texa, rang, lost, minnesot, twin, won, chicago, whit, sox, won, seattl, marin, won, oakland, athlet, lost, kans, city, roy, lost, am, east, boston, red, sox, lost, detroit, tig, won, new, york, yank, won, toronto, blu, jay, won, milwauk, brew, lost, cleveland, ind, lost, baltim, oriol, lost, yesterday, s, scor, idl, team, list, alphabet, ord, nat, leagu, am, leagu, san, diego, padr, boston, red, sox, philadelph, phil, seattl, marin, los, angel, dodg, chicago, whit, sox, mont, expo, baltim, oriol, cincinnat, red, milwauk, brew, pittsburgh, pir, minnesot, twin, atlant, brav, toronto, blu, jay, florid, marlin, kans, city, roy, colorado, rocky, cleveland, ind, st, lou, cardin, californ, angel, san, francisco, giant, new, york, yank, new, york, met, oakland, athlet, chicago, cub, idl, detroit, tig, idl, houston, astro, idl, texa, rang, idl, joseph, hernandez, ram, lak, jtchern, ocf, berkeley, edu, king, dodg, raid, jtcent, sod, berkeley, edu, angel, clip