from, savast, savy, east, sun, com, paul, savastano, sun, usop, csu, supply, unit, mast, scheduling, subject, no, no, box, org, sun, microsystem, int, lin, distribut, reply, to, savast, savy, east, sun, com, nntp, post, host, savy, east, sun, boston, at, seattl, boston, ab, r, h, bi, seattl, ab, r, h, bi, ril, b, feld, lf, quintan, rf, cotto, dh, greenwel, lf, sass, ph, dawson, dh, griffey, jr, cf, m, vaughn, b, buhn, rf, calderon, cf, boon, b, coop, b, t, martinez, b, john, valentin, s, blow, b, pen, c, val, c, vizquel, s, tot, tot, boston, seattl, e, greenwel, dp, boston, seattl, lob, boston, seattl, hr, boon, off, heske, sb, feld, blow, ip, h, r, er, bb, so, hr, boston, heske, l, quantril, foss, gr, har, k, ryan, seattl, bosio, w, heske, pitch, to, two, bat, in, the, four, so, bos, dawson, m, vaughn, john, valentin, coop, sea, buhn, griffey, jr, blow, boon, bb, bos, ril, quintan, sea, feld, buhn, t, martinez, umpir, hp, voltaggio, b, kais, b, johnson, b, mckean, t, a