from, timothy, lam, colost, edu, timothy, cre, subject, re, why, barry, bond, bat, nntp, post, host, lam, acn, colost, org, colorado, stat, univers, fort, collin, co, lin, in, artic, apr, hpcvaac, cv, hp, paul, koufax, cv, hp, paul, andres, writ, in, artic, apr, leland, stanford, edu, punjab, leland, stanford, edu, sanjeev, punjab, writ, hav, bond, bat, william, mat, wil, good, pitch, hit, thi, struggle, break, bal, oppos, pitch, walk, william, bond, i, wond, good, hit, argu, valid, ha, study, paul, koufax, cv, hp, paul, andres, hewlet, packard, you, study, look, mat, william, year, mitchel, look, not, sci, study, tru, mat, besid, bond, bat, tim, if, act, analys, bat, ord, analys, basebal, bat, ord, mont, carlo, sim, freez, journ, op, research, scoy, americ