from, talav, sag, cc, purdu, tom, talav, subject, re, ny, met, triv, quest, org, purdu, univers, comput, cent, distribut, lin, in, artic, apr, big, mko, dec, franc, big, mko, dec, yoseff, franc, writ, in, artic, new, duk, simon, herc, acpub, duk, writ, nam, three, met, pitch, lost, team, maj, colorado, florid, which, def, team, maj, dan, nol, ryan, qual, count, i, guess, viol, beat, lost, team, maj, viol, play, nl, met, def, lost, team, ditto, tanan, ment, prevy, post, the, pitch, los, team, tom, seav, koosm, i, rememb, seav, man, win, whit, sox, sojourn, boston, i, pitch, def, team, mik, torrez, bount, long, period, tim, koosm, ment, i, guess, man, beat, team, man, los, team, tom, thoma, talav, purdu, univers, elect, engin, grad, stud, grad, school, greatest, tim, lif, pay, spent, year, good