from, jtchern, ocf, berkeley, joseph, hernandez, subject, mlb, stand, scor, wed, apr, st, org, jtc, enterpr, sport, divid, maj, leagu, basebal, dept, lin, distribut, nntp, post, host, monsoon, eth, berkeley, keyword, mlb, mlb, stand, scor, wednesday, april, st, includ, yesterday, gam, nat, west, won, lost, pct, gb, last, streak, hom, road, san, francisco, giant, won, houston, astro, lost, atlant, brav, won, los, angel, dodg, lost, san, diego, padr, lost, colorado, rocky, lost, cincinnat, red, won, nat, east, philadelph, phil, won, st, lou, cardin, won, chicago, cub, won, mont, expo, won, pittsburgh, pir, lost, new, york, met, lost, florid, marlin, lost, am, west, won, lost, pct, gb, last, streak, hom, road, texa, rang, lost, californ, angel, won, minnesot, twin, won, chicago, whit, sox, won, oakland, athlet, won, seattl, marin, lost, kans, city, roy, won, am, east, boston, red, sox, won, detroit, tig, won, toronto, blu, jay, lost, new, york, yank, lost, milwauk, brew, lost, cleveland, ind, lost, baltim, oriol, lost, yesterday, s, scor, idl, team, list, alphabet, ord, nat, leagu, am, leagu, houston, astro, chicago, whit, sox, chicago, cub, baltim, oriol, los, angel, dodg, texa, rang, mont, expo, detroit, tig, cincinnat, red, milwauk, brew, pittsburgh, pir, minnesot, twin, atlant, brav, toronto, blu, jay, florid, marlin, kans, city, roy, san, diego, padr, cleveland, ind, philadelph, phil, californ, angel, san, francisco, giant, new, york, yank, new, york, met, oakland, athlet, colorado, rocky, boston, red, sox, st, lou, cardin, seattl, marin, joseph, hernandez, ram, lak, jtchern, ocf, berkeley, edu, king, dodg, raid, jtcent, sod, berkeley, edu, angel, clip