from, doct, jhuvm, hcf, jhu, jason, abn, mil, subject, re, jew, basebal, play, org, the, john, hopkin, univers, hcf, lin, distribut, nntp, post, host, jhuvm, hcf, jhu, new, softw, vax, vms, vnew, in, artic, apr, asd, scot, asd, scot, barm, writ, in, artic, apr, princeton, edu, rog, astro, princeton, rog, lustig, writ, in, artic, psm, b, jwt, oau, org, bb, comarow, jwt, oau, org, writ, dav, kingm, jew, sez, sez, dav, kingm, rosh, hashann, yom, kip, day, coincid, season, the, problem, dav, kingm, rosh, hashan, yom, kip, east, day, elv, died, entir, spring, train, mon, ramad, purim, july, gam, day, birthday, ok, world, sery, play, mem, day, gam, day, guy, help, i, fresh, holiday, coincid, basebal, season, i, catalog, day, car, dav, kingm, bat, awol, a, complet, religy, calend, detail, holiday, ext, relig, western, hemisph, apprecy, on, dav, kingm, observ, holiday, conceiv, cours, not, scot, barm, met, mail, list, fee, shel, scot, asd, mail, met, request, asd, subscrib, let, go, met, jason, a, mil, doct, guy, frank, tanan, win