from, talav, sag, cc, purdu, tom, talav, subject, re, som, basebal, triv, org, purdu, univers, comput, cent, lin, in, artic, ra, binnt, gap, caltech, daplurad, ugc, caltech, david, plurad, writ, in, artic, texdud, c, bradley, texdud, c, bradley, philip, al, writ, who, hold, record, car, strikeout, play, team, who, hold, record, car, strikeout, rang, hint, nol, ryan, what, pitch, car, sav, team, who, play, hit, car, run, ste, car, bas, team, no, fair, peek, basebal, stat, phil, al, texdud, c, bradley, i, post, guess, triv, quest, post, for, car, k, team, ryan, stev, carlton, no, ta, walt, johnson, al, washington, carlton, spent, long, st, lou, collect, with, rang, hough, long, tim, i, guess, hough, leng, ten, i, suspect, bobby, wit, mayb, jenkin, snuck, clos, in, sav, depart, mayb, lee, smi, cubby, rsox, card, then, goss, nyy, sd, fing, mil, oak, fing, achiev, mil, sd, i, guess, otherw, i, think, reardon, bet, chant, min, i, easy, reach, mon, do, hom, ste, dept, got, ta, wil, may, i, fair, ste, car, in, artic, met, triv, tim, leary, los, team, beat, em, prob, seav, koosm, fit, hmmm, leary, good, point, i, forgot, wel, plenty, met, pitch, categ, lost, team, koosm, leary, torrez, ryan, seav, i, guess, best, three, guess, leary, ryan, seav, koosm, thoma, talav, purdu, univers, elect, engin, grad, stud, grad, school, greatest, tim, lif, pay, spent, year, good