from, jrm, elm, circ, ufl, jeff, mason, subject, jeff, mason, auct, marvel, dc, im, valy, org, un, florid, psycholog, dept, lin, nntp, post, host, elm, circ, ufl, sum, wednesday, april, upd, the, com, auct, the, highest, bid, tak, new, stuff, oooooh, the, mr, t, prem, com, titl, minim, cur, alph, flight, jim, lee, work, marvel, aly, st, ap, aly, com, st, prnt, may, krism, three, amaz, spid, man, intro, green, goblin, amaz, spid, man, st, appear, hobgoblin, arch, armstrong, frank, mil, smi, layton, aveng, st, appear, x, fact, bloodshot, chromium, cov, bwsmith, cov, post, sam, ont, daredevil, frank, mil, art, dark, hors, pres, st, ap, concret, st, print, detect, azrael, appear, intro, cyph, harb, st, appear, h, a, r, d, corp, b, matthey, sold, h, a, r, d, corp, incred, hulk, st, ap, grey, hulk, incred, hulk, st, mcfarlane, issu, incred, hulk, grey, hulk, sery, incred, hulk, st, dal, keown, art, hulk, incred, hulk, st, hulk, st, prnt, keown, marvel, com, pres, wolverin, silv, surf, maxx, limit, ashc, cop, ex, blu, cov, brentb, three, mr, t, sign, adv, cop, ex, new, mut, mcfarlane, cov, st, ap, cabl, cameo, new, mut, st, ap, x, forc, new, mut, an, st, liefeld, art, new, mut, omeg, men, st, appear, lobo, omeg, men, st, ful, lobo, story, pow, man, iron, fist, appear, sabretoo, pow, man, iron, fist, appear, sabretoo, simpson, com, story, polybag, spec, spectacul, spid, man, st, ap, new, hobgoblin, star, trek, next, gen, feb, dc, min, star, trek, next, gen, oct, dc, com, trianglehead, spec, limit, edit, autogrph, web, spid, man, hobgoblin, wolverin, appear, web, spid, man, origin, ros, hobgoblin, appear, wolverin, bef, claw, st, battl, sabretoo, wolverin, sabretoo, claim, wolverin, dad, wolverin, sabretoo, prov, dad, wolverin, sabretoo, wolverin, sag, conclud, wolverin, min, sery, mil, art, wond, wom, return, anim, man, x, forc, sign, liefeld, bag, x, forc, card, x, forc, sign, liefeld, bag, shatterst, card, x, forc, sign, liefeld, bag, deadpool, card, x, forc, sign, liefeld, bag, sunspot, gideon, al, com, mint, mint, condit, bag, shiny, polypropyl, bag, back, whit, acid, fre, board, ship, book, book, fre, ord, larg, amount, stuff, i, haggl, i, thousand, thousand, com, i, help, som, titl, i, post, list, issu, i, titl, i, sav, spac, geoffrey, r, mason, jrm, elm, circ, ufl, depart, psycholog, mason, web, psych, ufl, univers, florid, proth, mapl, circ, ufl