from, gewong, mtholyoke, g, r, i, n, subject, c, math, phys, gre, book, fors, distribut, org, mount, holyok, colleg, lin, nntp, post, host, orix, mtholyoke, most, c, s, book, ther, math, phys, book, for, book, mark, new, condit, perfect, al, book, good, condit, ship, buy, pay, book, her, list, if, hat, pric, email, off, titl, auth, orig, pric, pric, commun, network, new, walrand, comput, orig, architect, stal, edit, ai, design, expert, system, lug, stubberfil, art, intellig, new, patrick, henry, winston, edit, op, system, conceiv, silberschaltz, peterson, galvin, a, book, c, kelley, pohl, edit, teach, youself, c, sieg, understand, hard, disk, man, new, pc, jonath, kamin, math, freshm, calcul, big, hard, cov, book, discret, math, apply, susann, s, ep, a, cours, linear, algebr, new, damiano, littl, schaum, outlin, sery, linear, algebr, phys, found, phys, new, halliday, resnick, edit, also, sel, gre, book, both, brand, nev, arco, gre, gen, test, big, red, book, arco, comput, sci, gre, pleas, send, email, interest, gewong, orix, mtholyoke, p, o, box, germain, wong, gewong, mhc, mtholyoke, mount, holyok, colleg, tel, sou, hadley, ma