from, er, b, karabin, ekarabin, magn, ac, ohio, stat, subject, c, langu, book, for, sal, org, the, ohio, stat, univers, x, mail, elm, vert, pl, lin, yo, pric, list, pric, c, mem, man, techn, len, dorfm, marc, j, neuberg, includ, disk, borland, c, handbook, second, edit, cov, vert, chris, h, papp, william, h, murray, ii, convert, c, turbo, c, len, dorfm, includ, disk, the, art, c, herbert, schildt, includ, disk, us, turbo, c, herbert, schildt, c, the, complet, ref, second, edit, herbert, schildt, us, c, vert, bruc, eckel, adv, c, herbert, schildt, second, edit, high, perform, interact, graph, lee, adam, exampl, bas, high, perform, cad, graph, c, lee, adam, pctools, complet, ref, second, edit, vert, hy, bend, dvorak, s, insid, track, do, pc, perform, john, dvorak, nick, an, adv, quick, c, edit, vert, wern, feibel, wordperfect, the, complet, ref, sery, edit, kar, l, acerson, us, ventur, publ, que, thi, book, cov, vert, good, new, vert, us, o, kri, jams, thi, book, vert, us, gen, cad, level, ray, c, freem, ii, i, wil, pay, ship, on, us, ekarabin, magn, ac, ohio, stat, compuserv, ekarabin, csi, compuserv