from, email, ardy, mack, subject, re, do, defr, artic, i, d, ux, ardy, org, depart, plant, patholog, lin, in, artic, email, email, kiseok, lee, writ, from, email, kiseok, lee, subject, re, do, defr, dat, tue, apr, gmt, in, artic, email, email, richard, writ, geoffrey, s, elbo, writ, ye, fastest, defr, i, watch, it, mb, hard, disk, minut, i, m, defr, norton, speedisk, is, strip, vert, i, norton, speedisk, backup, i, wond, i, instal, m, backup, richard, ye, defrag, is, norton, if, norton, util, both, do, both, cpbackup, fastback, they, off, opt, stripped, m, vert, from, cps, exampl, propriet, form, sav, spac, direct, dma, access, tap, driv, you, nee, m, defr, doublespac, work, compress, volum