from, email, martin, linsenbigl, subject, re, perm, swap, fil, org, cas, western, reserv, univers, cleveland, oh, us, lin, reply, to, email, martin, linsenbigl, nntp, post, host, hel, in, cwru, in, prevy, artic, url, mik, lipsy, mpu, in, artic, email, email, cliff, writ, yo, swap, fil, purg, tim, exit, window, if, shut, comput, exit, window, swap, fil, remain, mb, larg, sid, run, apply, tim, thi, cours, tru, the, temp, swap, fil, purg, tim, exit, window, the, perm, fil, perm, chang, adjust, virt, mem, i, suspect, origin, post, tink, adjust, swap, fil, mb, forgot, help, mik, lipsy, work, url, mitsubish, electron, research, lab, email, i, setup, window, load, mod, it, grab, meg, swap, fil, spac, meg, hd, empty, tim, i, delet, window, tim, reload, hd, ful, window, meg, i, read, best, rul, thumb, perm, swap, fil, siz, regul, ram, siz, i, meg, ram, window, meg, perm, swap, fil, work, wel, in, fact, hd, spac, meg, wo, swap, fil, big, you, chang, virt, mem, swap, fil, meg, i, ram, c, ya, artin, thi, commun, artin, univers, arizon, tucson, email, email, email, dea, ha, been, dead, for, about, year, follow, the, king, of, king