from, url, robert, nichol, subject, re, atm, org, at, t, lin, in, artic, email, email, anthony, v, dean, writ, i, read, confus, atm, lat, pack, i, buy, includ, atm, bon, i, desktop, publ, pagemak, coreldraw, coreldraw, nifty, las, disk, diff, typ, ad, ttfonts, win, dec, amount, font, i, print, cre, hp, postcrib, dpi, resolv, resolv, enh, technolog, wel, i, darn, good, cop, so, good, diff, atm, turn, is, wor, atm, espec, bet, print, technolog, tt, atm, wil, truetyp, font, if, truetyp, font, sufficy, atm, i, lot, font, i, instal, typ, postscrib, atm, truetyp, i, not, truetyp, font, fil, larg, typ, equ, if, disk, compress, aw, truetyp, font, wil, compress, typ, font, wil, encrypt, with, dpi, las, print, art, bold, vert, truetyp, font, ind, origin, forc, instal, act, bold, bold, it, vary, i, typ, postscrib, font, atm, gen, vis, distinct, bold, vary, bas, font, i, real, art, bold, font, atm, gen, aesthet, infery, hand, gen, bold, truetyp, vary, sufficy, instal, bold, vary, sav, disk, spac, uncompress, bob, nichol, at, t, bel, lab, url