from, pwb, aerg, canberr, au, paul, blackm, subject, re, workspac, man, win, loc, org, univers, canberr, lin, in, artic, apr, bert, eec, uic, writ, cah, tactix, rain, chris, huey, writ, jamy, scugl, jamy, zikzak, apan, org, au, wrot, thank, peopl, recommend, workspac, man, window, i, sharew, workspac, man, austral, m, window, arch, monu, cc, monash, au, mir, sit, u, s, the, three, i, workspac, wspace, zip, review, delet, workshift, wrksft, zip, review, delet, bigdesk, backmenu, backdesk, zip, review, delet, i, apprecy, howev, i, direct, internet, access, i, archy, access, i, resort, ftpmail, thi, i, sit, direct, workspac, man, loc, backdesk, zip, cic, i, direct, anoth, throw, run, topdesk, it, alsow, cic, i, it, comply, backdesk, i, stabl, useful, i, recomend, peopl, virt, desktop, oh, yeh, it, fre, copyright, microsoft, sanford, staab, carl, zmol, cicero, spc, uchicago, ok, useful, apply, loc, on, cic, mir, desktop, direct, wrksft, zip, wokshift, graph, virt, desktop, ver, email, auth, vert, desk, zip, desktop, tool, for, window, backmenu, bigdesk, lat, vert, backdesk, topdesk, zip, virt, window, window, find, zip, a, mac, find, clon, window, work, wel, backmenu, also, superb, due, it, allow, button, bar, apply, paul, blackm, pwb, sci, canberr, au, wat, research, cent, pwb, aerg, canberr, au, facul, apply, sci, univers, canberr, austral, spend, lov, high, lenny, kravitz