from, tbo, elixir, kth, se, tag, borg, subject, re, nee, long, filenam, lin, nntp, post, host, ohm, kth, se, reply, to, tbo, elixir, kth, se, tag, borg, org, school, ee, roy, institut, technolog, swed, in, artic, rfdkqinn, zephyr, grac, cri, nz, maystonr, grac, cri, nz, richard, mayston, writ, path, kth, se, sun, pipex, uunet, noc, net, howland, reston, an, net, wupost, waikato, ac, nz, comp, vuw, ac, nz, zephyr, grac, cri, nz, zephyr, grac, cri, nz, usenet, newsgroup, comp, o, m, window, misc, subject, re, nee, long, filenam, mess, id, rfdkqinn, zephyr, grac, cri, nz, from, maystonr, grac, cri, nz, richard, mayston, dat, mon, apr, gmt, send, maystonr, grac, cri, nz, ref, apr, guin, idbsu, infoserv, distribut, org, indust, research, ltd, new, zealand, nntp, post, host, rmayston, grac, cri, nz, lin, in, artic, infoserv, hfeldm, infoserv, howard, mitchel, feldm, writ, in, apr, guin, idbsu, lhighley, goz, idbsu, larry, paul, highley, wrot, is, util, wil, filenam, long, standard, form, yep, cal, o, yep, typ, unix, vms, buy, mac, if, long, filenam, docu, i, heard, wordprocess, window, assign, long, nam, fil, thos, long, filenam, program, op, sav, dialog, mayb, wordprocess, i