from, rmohn, vax, clarku, subject, re, help, chang, startup, logo, org, clark, univers, lin, in, prevy, artic, louray, sea, gwu, michael, panayiotak, wrot, in, artic, aa, fidonet, org, c, doel, fidonet, org, c, doel, writ, hello, brad, monday, april, brad, smal, wrot, crosspost, al, b, i, setup, b, cop, b, win, cnf, vgalogo, lgo, vgalogo, rle, win, com, b, i, grab, supercharg, window, jud, robbin, gre, book, b, thi, logo, window, startup, now, thing, window, faq, fil, k, faq, min, work, mend, k, i, com, fil, limit, tot, siz, kb, thu, win, cfn, vgalogo, log, rle, fil, kb, thu, rle, fil, kb, rob, any, resembl, view, rob, facul, adv, termin, mohn, view, window, pur, coinc, dent, richard, train, rmohn, vax, support, view, clarku, clarky