from, gt, prism, gatech, edu, brad, smal, subject, re, challeng, microsoft, support, org, georg, institut, technolog, lin, in, artic, may, wam, umd, rsrodger, wam, umd, yamanar, writ, in, artic, c, d, m, uceng, uc, bferrel, ant, occ, uc, bret, ferrel, writ, in, artic, may, hubcap, clemson, lud, hubcap, clemson, larry, lud, ludwig, writ, adress, mem, bet, do, not, o, see, meg, count, wino, window, see, meg, count, disk, cach, i, o, if, mem, efficy, big, issu, pc, geo, cur, king, intel, desktop, i, assum, refer, o, bit, flat, model, address, do, window, bit, seg, address, a, program, i, agr, seg, unnecess, comply, thing, it, annoy, but, window, us, i, and, i, doubt, peopl, car, writ, docu, calc, spreadsheet, it, work, work, just, neut, com, it, funny, i, argu, window, o, sound, argu, ath, christianity, it, person, peopl, convict, ir, wrong, interest, brad, smal, jr, ee, ga, tech, atlant, ga, gt, prism, gatech